Feature,Importance
num__Tenure,0.2550066398533852
num__CashbackAmount,0.08687912768666356
num__NumberOfAddress,0.07409823896473838
num__WarehouseToHome,0.06472740254626873
num__Complain,0.06109275991805832
num__DaySinceLastOrder,0.05699734614007485
num__OrderAmountHikeFromlastYear,0.046797352112327655
num__SatisfactionScore,0.04674056561684356
num__NumberOfDeviceRegistered,0.028163531456323602
num__DevicePerTenure,0.025324179042928205
num__CityTier,0.02521822084966391
num__OrderFrequency,0.02303199353974428
cat__MaritalStatus_Single,0.01919684107111536
cat__PreferedOrderCat_Laptop & Accessory,0.015667549433593823
num__OrderCount,0.015388570196215342
cat__PreferredLoginDevice_Computer,0.014262814668253871
num__CouponUsageRate,0.013518863767951505
cat__MaritalStatus_Married,0.010676873321864398
num__HourSpendOnApp,0.01023325063149443
cat__PreferredPaymentMode_Debit Card,0.010193222411910664
num__CouponUsed,0.009904699987268374
cat__PreferredPaymentMode_COD,0.00935936918143591
cat__PreferredPaymentMode_E wallet,0.009187433324745042
cat__PreferedOrderCat_Fashion,0.007890197416466873
cat__PreferredPaymentMode_Credit Card,0.00719429537226305
cat__Gender_Male,0.00687799366009767
cat__PreferedOrderCat_Mobile Phone,0.006751750309827061
cat__Gender_Female,0.006477645852682734
cat__PreferredPaymentMode_UPI,0.0063263436853344965
cat__PreferredLoginDevice_Mobile Phone,0.005436858655593581
cat__PreferredLoginDevice_Phone,0.0040671862557827435
cat__PreferredPaymentMode_CC,0.003976700272423223
cat__MaritalStatus_Divorced,0.0036847196216149946
cat__PreferredPaymentMode_Cash on Delivery,0.0027850321061317703
cat__PreferedOrderCat_Mobile,0.001967819016762658
cat__PreferedOrderCat_Others,0.0015820733493818128
cat__RecencyCategory_0-7 days,0.001222098902239215
cat__RecencyCategory_8-30 days,0.0011254078123788314
cat__PreferedOrderCat_Grocery,0.0009670319881504014
cat__RecencyCategory_31-60 days,0.0
